year,month,date,precipitation_mm,temp_mean_c
2015,2015-06,2015-06-01,2.5,32.7
2015,2015-06,2015-06-02,17.0,30.2
2015,2015-06,2015-06-03,0.3,31.9
2015,2015-06,2015-06-04,0.5,31.8
2015,2015-06,2015-06-05,4.7,31.5
2015,2015-06,2015-06-06,0.0,31.5
2015,2015-06,2015-06-07,18.4,29.7
2015,2015-06,2015-06-08,0.7,30.8
2015,2015-06,2015-06-09,0.0,30.6
2015,2015-06,2015-06-10,0.0,32.4
2015,2015-06,2015-06-11,0.2,33.5
2015,2015-06,2015-06-12,19.1,30.7
2015,2015-06,2015-06-13,5.6,30.0
2015,2015-06,2015-06-14,0.2,29.8
2015,2015-06,2015-06-15,0.2,29.0
2015,2015-06,2015-06-16,2.5,29.1
2015,2015-06,2015-06-17,13.4,27.5
2015,2015-06,2015-06-18,81.4,25.4
2015,2015-06,2015-06-19,77.1,25.4
2015,2015-06,2015-06-20,58.6,25.2
2015,2015-06,2015-06-21,6.6,26.9
2015,2015-06,2015-06-22,0.2,29.1
2015,2015-06,2015-06-23,0.0,29.8
2015,2015-06,2015-06-24,0.0,30.2
2015,2015-06,2015-06-25,0.0,29.9
2015,2015-06,2015-06-26,0.1,30.1
2015,2015-06,2015-06-27,0.0,30.3
2015,2015-06,2015-06-28,0.1,29.9
2015,2015-06,2015-06-29,0.4,30.2
2015,2015-06,2015-06-30,0.1,30.6
2015,2015-07,2015-07-01,0.0,30.9
2015,2015-07,2015-07-02,3.8,30.2
2015,2015-07,2015-07-03,0.0,31.0
2015,2015-07,2015-07-04,0.0,31.7
2015,2015-07,2015-07-05,0.0,31.9
2015,2015-07,2015-07-06,0.0,32.1
2015,2015-07,2015-07-07,0.0,32.3
2015,2015-07,2015-07-08,0.0,32.6
2015,2015-07,2015-07-09,0.0,33.0
2015,2015-07,2015-07-10,0.8,32.1
2015,2015-07,2015-07-11,0.0,32.3
2015,2015-07,2015-07-12,0.0,33.0
2015,2015-07,2015-07-13,0.5,32.8
2015,2015-07,2015-07-14,18.4,29.9
2015,2015-07,2015-07-15,20.8,28.8
2015,2015-07,2015-07-16,0.1,30.4
2015,2015-07,2015-07-17,0.1,31.0
2015,2015-07,2015-07-18,0.8,30.5
2015,2015-07,2015-07-19,4.7,30.7
2015,2015-07,2015-07-20,1.4,30.3
2015,2015-07,2015-07-21,2.1,30.3
2015,2015-07,2015-07-22,0.5,30.1
2015,2015-07,2015-07-23,0.6,29.9
2015,2015-07,2015-07-24,1.9,30.0
2015,2015-07,2015-07-25,0.3,30.8
2015,2015-07,2015-07-26,0.6,29.9
2015,2015-07,2015-07-27,0.6,29.9
2015,2015-07,2015-07-28,0.9,31.5
2015,2015-07,2015-07-29,0.0,32.1
2015,2015-07,2015-07-30,0.0,31.3
2015,2015-07,2015-07-31,4.4,30.4
2015,2015-08,2015-08-01,4.7,29.6
2015,2015-08,2015-08-02,1.4,29.8
2015,2015-08,2015-08-03,2.1,29.4
2015,2015-08,2015-08-04,0.0,30.9
2015,2015-08,2015-08-05,1.8,29.7
2015,2015-08,2015-08-06,1.6,29.9
2015,2015-08,2015-08-07,1.8,29.3
2015,2015-08,2015-08-08,6.6,29.3
2015,2015-08,2015-08-09,8.1,27.8
2015,2015-08,2015-08-10,10.2,28.5
2015,2015-08,2015-08-11,19.7,27.7
2015,2015-08,2015-08-12,12.8,26.0
2015,2015-08,2015-08-13,10.3,27.4
2015,2015-08,2015-08-14,0.0,29.0
2015,2015-08,2015-08-15,0.4,29.8
2015,2015-08,2015-08-16,3.4,28.7
2015,2015-08,2015-08-17,1.9,28.7
2015,2015-08,2015-08-18,2.5,28.7
2015,2015-08,2015-08-19,0.1,29.4
2015,2015-08,2015-08-20,7.3,28.9
2015,2015-08,2015-08-21,13.1,28.3
2015,2015-08,2015-08-22,6.1,27.6
2015,2015-08,2015-08-23,1.3,28.7
2015,2015-08,2015-08-24,0.0,29.2
2015,2015-08,2015-08-25,0.4,29.5
2015,2015-08,2015-08-26,5.1,28.9
2015,2015-08,2015-08-27,7.9,27.2
2015,2015-08,2015-08-28,5.0,27.8
2015,2015-08,2015-08-29,6.4,28.6
2015,2015-08,2015-08-30,0.6,29.3
2015,2015-08,2015-08-31,1.8,29.2
2015,2015-09,2015-09-01,0.0,29.2
2015,2015-09,2015-09-02,0.0,30.0
2015,2015-09,2015-09-03,0.2,29.8
2015,2015-09,2015-09-04,2.9,29.7
2015,2015-09,2015-09-05,0.6,29.5
2015,2015-09,2015-09-06,20.9,28.4
2015,2015-09,2015-09-07,3.5,27.5
2015,2015-09,2015-09-08,2.3,28.2
2015,2015-09,2015-09-09,4.5,27.9
2015,2015-09,2015-09-10,7.7,27.8
2015,2015-09,2015-09-11,27.1,27.7
2015,2015-09,2015-09-12,4.4,27.1
2015,2015-09,2015-09-13,2.1,27.8
2015,2015-09,2015-09-14,13.3,26.6
2015,2015-09,2015-09-15,17.6,27.0
2015,2015-09,2015-09-16,0.3,28.0
2015,2015-09,2015-09-17,3.4,28.4
2015,2015-09,2015-09-18,0.4,28.8
2015,2015-09,2015-09-19,2.2,27.9
2015,2015-09,2015-09-20,0.0,28.5
2015,2015-09,2015-09-21,0.0,29.0
2015,2015-09,2015-09-22,0.0,28.8
2015,2015-09,2015-09-23,0.0,29.5
2015,2015-09,2015-09-24,0.0,29.8
2015,2015-09,2015-09-25,10.1,29.8
2015,2015-09,2015-09-26,4.9,28.5
2015,2015-09,2015-09-27,0.2,28.7
2015,2015-09,2015-09-28,0.0,28.1
2015,2015-09,2015-09-29,1.2,27.8
2015,2015-09,2015-09-30,5.5,26.6
2015,2015-10,2015-10-01,9.3,25.7
2015,2015-10,2015-10-02,6.9,26.8
2015,2015-10,2015-10-03,4.4,28.1
2015,2015-10,2015-10-04,24.2,27.0
2015,2015-10,2015-10-05,4.0,27.5
2015,2015-10,2015-10-06,1.2,27.8
2015,2015-10,2015-10-07,0.0,28.7
2015,2015-10,2015-10-08,0.0,28.4
2015,2015-10,2015-10-09,0.0,29.1
2015,2015-10,2015-10-10,0.0,29.6
2015,2015-10,2015-10-11,0.4,29.1
2015,2015-10,2015-10-12,0.0,29.5
2015,2015-10,2015-10-13,0.0,29.1
2015,2015-10,2015-10-14,0.0,28.9
2015,2015-10,2015-10-15,0.4,28.7
2015,2015-10,2015-10-16,0.3,28.2
2015,2015-10,2015-10-17,0.1,28.3
2015,2015-10,2015-10-18,0.3,28.8
2015,2015-10,2015-10-19,0.0,28.5
2015,2015-10,2015-10-20,0.0,28.6
2015,2015-10,2015-10-21,0.0,28.5
2015,2015-10,2015-10-22,0.0,28.5
2015,2015-10,2015-10-23,0.0,28.7
2015,2015-10,2015-10-24,0.0,28.7
2015,2015-10,2015-10-25,0.6,27.9
2015,2015-10,2015-10-26,0.0,27.9
2015,2015-10,2015-10-27,0.0,27.8
2015,2015-10,2015-10-28,2.4,27.1
2015,2015-10,2015-10-29,0.5,27.7
2015,2015-10,2015-10-30,0.6,28.1
2015,2015-10,2015-10-31,0.9,27.5
2015,2015-11,2015-11-01,0.0,28.2
2015,2015-11,2015-11-02,1.2,26.9
2015,2015-11,2015-11-03,0.1,27.8
2015,2015-11,2015-11-04,1.5,28.0
2015,2015-11,2015-11-05,0.0,27.9
2015,2015-11,2015-11-06,0.0,28.5
2015,2015-11,2015-11-07,0.0,28.2
2015,2015-11,2015-11-08,0.0,28.0
2015,2015-11,2015-11-09,0.4,25.8
2015,2015-11,2015-11-10,14.6,22.7
2015,2015-11,2015-11-11,0.0,26.0
2015,2015-11,2015-11-12,0.0,26.4
2015,2015-11,2015-11-13,0.0,26.1
2015,2015-11,2015-11-14,0.0,25.8
2015,2015-11,2015-11-15,0.3,26.4
2015,2015-11,2015-11-16,23.4,22.8
2015,2015-11,2015-11-17,100.5,21.3
2015,2015-11,2015-11-18,4.4,23.7
2015,2015-11,2015-11-19,13.3,23.7
2015,2015-11,2015-11-20,25.0,23.8
2015,2015-11,2015-11-21,2.3,24.9
2015,2015-11,2015-11-22,0.0,25.1
2015,2015-11,2015-11-23,0.0,24.5
2015,2015-11,2015-11-24,0.0,24.6
2015,2015-11,2015-11-25,0.3,24.5
2015,2015-11,2015-11-26,0.0,24.3
2015,2015-11,2015-11-27,0.0,24.5
2015,2015-11,2015-11-28,0.0,24.5
2015,2015-11,2015-11-29,1.7,24.2
2015,2015-11,2015-11-30,18.8,23.5
2016,2016-06,2016-06-01,0.1,36.2
2016,2016-06,2016-06-02,0.0,34.7
2016,2016-06,2016-06-03,0.0,34.2
2016,2016-06,2016-06-04,31.4,29.2
2016,2016-06,2016-06-05,32.6,28.1
2016,2016-06,2016-06-06,6.2,29.1
2016,2016-06,2016-06-07,8.5,28.2
2016,2016-06,2016-06-08,13.5,28.0
2016,2016-06,2016-06-09,5.2,29.7
2016,2016-06,2016-06-10,0.0,30.6
2016,2016-06,2016-06-11,0.7,30.9
2016,2016-06,2016-06-12,0.5,30.9
2016,2016-06,2016-06-13,1.2,30.5
2016,2016-06,2016-06-14,0.0,31.6
2016,2016-06,2016-06-15,0.0,31.9
2016,2016-06,2016-06-16,0.0,32.1
2016,2016-06,2016-06-17,0.2,31.9
2016,2016-06,2016-06-18,7.0,27.7
2016,2016-06,2016-06-19,1.7,27.6
2016,2016-06,2016-06-20,1.4,28.7
2016,2016-06,2016-06-21,27.8,28.3
2016,2016-06,2016-06-22,2.2,29.1
2016,2016-06,2016-06-23,7.6,29.6
2016,2016-06,2016-06-24,2.7,29.6
2016,2016-06,2016-06-25,1.9,29.2
2016,2016-06,2016-06-26,5.4,27.3
2016,2016-06,2016-06-27,14.2,26.2
2016,2016-06,2016-06-28,21.0,26.0
2016,2016-06,2016-06-29,20.8,25.8
2016,2016-06,2016-06-30,10.7,27.4
2016,2016-07,2016-07-01,17.0,26.9
2016,2016-07,2016-07-02,1.6,28.8
2016,2016-07,2016-07-03,0.0,29.6
2016,2016-07,2016-07-04,3.3,29.7
2016,2016-07,2016-07-05,0.0,29.2
2016,2016-07,2016-07-06,2.3,29.6
2016,2016-07,2016-07-07,1.0,29.4
2016,2016-07,2016-07-08,1.1,29.3
2016,2016-07,2016-07-09,1.3,29.4
2016,2016-07,2016-07-10,0.5,28.9
2016,2016-07,2016-07-11,3.9,27.8
2016,2016-07,2016-07-12,0.1,29.9
2016,2016-07,2016-07-13,0.0,30.2
2016,2016-07,2016-07-14,0.0,31.0
2016,2016-07,2016-07-15,0.4,31.2
2016,2016-07,2016-07-16,2.2,29.9
2016,2016-07,2016-07-17,1.7,29.7
2016,2016-07,2016-07-18,4.5,29.7
2016,2016-07,2016-07-19,0.7,28.6
2016,2016-07,2016-07-20,0.0,29.2
2016,2016-07,2016-07-21,3.1,29.0
2016,2016-07,2016-07-22,6.2,27.7
2016,2016-07,2016-07-23,0.3,28.7
2016,2016-07,2016-07-24,19.4,27.3
2016,2016-07,2016-07-25,1.4,28.3
2016,2016-07,2016-07-26,4.3,28.2
2016,2016-07,2016-07-27,15.0,27.4
2016,2016-07,2016-07-28,35.7,27.0
2016,2016-07,2016-07-29,19.4,27.5
2016,2016-07,2016-07-30,5.9,28.2
2016,2016-07,2016-07-31,4.9,27.1
2016,2016-08,2016-08-01,30.0,25.3
2016,2016-08,2016-08-02,5.4,27.7
2016,2016-08,2016-08-03,9.0,26.6
2016,2016-08,2016-08-04,6.0,26.7
2016,2016-08,2016-08-05,0.5,29.0
2016,2016-08,2016-08-06,0.0,28.8
2016,2016-08,2016-08-07,0.0,29.2
2016,2016-08,2016-08-08,0.0,29.3
2016,2016-08,2016-08-09,0.0,29.7
2016,2016-08,2016-08-10,0.0,29.8
2016,2016-08,2016-08-11,0.0,30.2
2016,2016-08,2016-08-12,0.0,30.5
2016,2016-08,2016-08-13,0.0,30.8
2016,2016-08,2016-08-14,0.0,30.9
2016,2016-08,2016-08-15,0.0,30.7
2016,2016-08,2016-08-16,0.0,30.6
2016,2016-08,2016-08-17,0.0,30.3
2016,2016-08,2016-08-18,0.0,30.9
2016,2016-08,2016-08-19,0.0,31.3
2016,2016-08,2016-08-20,0.0,31.8
2016,2016-08,2016-08-21,0.0,31.4
2016,2016-08,2016-08-22,0.0,31.4
2016,2016-08,2016-08-23,0.0,32.1
2016,2016-08,2016-08-24,2.8,31.3
2016,2016-08,2016-08-25,10.3,29.1
2016,2016-08,2016-08-26,11.7,29.7
2016,2016-08,2016-08-27,15.1,28.3
2016,2016-08,2016-08-28,17.7,28.2
2016,2016-08,2016-08-29,15.5,28.1
2016,2016-08,2016-08-30,17.3,27.4
2016,2016-08,2016-08-31,46.9,26.7
2016,2016-09,2016-09-01,0.1,28.3
2016,2016-09,2016-09-02,0.0,28.7
2016,2016-09,2016-09-03,4.1,28.1
2016,2016-09,2016-09-04,4.4,27.4
2016,2016-09,2016-09-05,0.0,28.2
2016,2016-09,2016-09-06,0.0,28.3
2016,2016-09,2016-09-07,0.0,28.1
2016,2016-09,2016-09-08,0.0,28.5
2016,2016-09,2016-09-09,0.0,28.9
2016,2016-09,2016-09-10,16.1,27.2
2016,2016-09,2016-09-11,45.3,25.8
2016,2016-09,2016-09-12,33.2,26.0
2016,2016-09,2016-09-13,12.8,25.1
2016,2016-09,2016-09-14,6.2,25.9
2016,2016-09,2016-09-15,4.4,26.0
2016,2016-09,2016-09-16,0.3,27.5
2016,2016-09,2016-09-17,0.3,27.8
2016,2016-09,2016-09-18,1.6,27.8
2016,2016-09,2016-09-19,0.2,28.4
2016,2016-09,2016-09-20,5.7,27.6
2016,2016-09,2016-09-21,44.9,24.8
2016,2016-09,2016-09-22,97.4,24.7
2016,2016-09,2016-09-23,21.5,25.0
2016,2016-09,2016-09-24,4.5,25.8
2016,2016-09,2016-09-25,6.7,26.8
2016,2016-09,2016-09-26,4.8,26.9
2016,2016-09,2016-09-27,16.9,26.7
2016,2016-09,2016-09-28,8.0,27.5
2016,2016-09,2016-09-29,1.6,28.1
2016,2016-09,2016-09-30,2.2,27.8
2016,2016-10,2016-10-01,7.3,26.8
2016,2016-10,2016-10-02,1.3,27.5
2016,2016-10,2016-10-03,0.2,27.4
2016,2016-10,2016-10-04,1.0,27.4
2016,2016-10,2016-10-05,0.0,28.0
2016,2016-10,2016-10-06,0.5,28.1
2016,2016-10,2016-10-07,0.0,28.5
2016,2016-10,2016-10-08,4.3,26.7
2016,2016-10,2016-10-09,6.6,27.3
2016,2016-10,2016-10-10,0.1,28.4
2016,2016-10,2016-10-11,0.2,28.7
2016,2016-10,2016-10-12,0.0,28.4
2016,2016-10,2016-10-13,0.0,27.5
2016,2016-10,2016-10-14,0.0,26.8
2016,2016-10,2016-10-15,0.0,26.3
2016,2016-10,2016-10-16,0.0,25.7
2016,2016-10,2016-10-17,0.0,26.0
2016,2016-10,2016-10-18,0.0,26.0
2016,2016-10,2016-10-19,0.0,26.7
2016,2016-10,2016-10-20,0.0,26.3
2016,2016-10,2016-10-21,0.0,25.5
2016,2016-10,2016-10-22,0.0,26.0
2016,2016-10,2016-10-23,0.0,26.2
2016,2016-10,2016-10-24,0.0,26.1
2016,2016-10,2016-10-25,0.0,27.1
2016,2016-10,2016-10-26,0.0,27.1
2016,2016-10,2016-10-27,0.0,27.0
2016,2016-10,2016-10-28,0.1,27.3
2016,2016-10,2016-10-29,1.4,27.1
2016,2016-10,2016-10-30,4.1,26.5
2016,2016-10,2016-10-31,7.8,26.1
2016,2016-11,2016-11-01,0.7,26.8
2016,2016-11,2016-11-02,0.5,27.1
2016,2016-11,2016-11-03,0.0,27.4
2016,2016-11,2016-11-04,0.0,27.4
2016,2016-11,2016-11-05,0.0,27.1
2016,2016-11,2016-11-06,0.2,26.7
2016,2016-11,2016-11-07,0.0,26.0
2016,2016-11,2016-11-08,0.0,24.4
2016,2016-11,2016-11-09,0.0,24.5
2016,2016-11,2016-11-10,0.0,24.4
2016,2016-11,2016-11-11,0.0,24.3
2016,2016-11,2016-11-12,0.0,25.4
2016,2016-11,2016-11-13,2.2,25.4
2016,2016-11,2016-11-14,0.8,26.8
2016,2016-11,2016-11-15,3.7,26.5
2016,2016-11,2016-11-16,1.8,26.2
2016,2016-11,2016-11-17,0.1,26.5
2016,2016-11,2016-11-18,0.0,25.8
2016,2016-11,2016-11-19,0.0,25.2
2016,2016-11,2016-11-20,0.0,24.9
2016,2016-11,2016-11-21,0.0,24.9
2016,2016-11,2016-11-22,0.0,24.7
2016,2016-11,2016-11-23,0.0,24.5
2016,2016-11,2016-11-24,0.0,24.7
2016,2016-11,2016-11-25,0.0,24.8
2016,2016-11,2016-11-26,0.0,25.0
2016,2016-11,2016-11-27,0.0,24.9
2016,2016-11,2016-11-28,0.0,25.2
2016,2016-11,2016-11-29,0.0,24.8
2016,2016-11,2016-11-30,0.0,25.0
2017,2017-06,2017-06-01,0.1,34.6
2017,2017-06,2017-06-02,0.1,33.7
2017,2017-06,2017-06-03,0.1,34.6
2017,2017-06,2017-06-04,0.2,34.4
2017,2017-06,2017-06-05,3.0,35.7
2017,2017-06,2017-06-06,1.1,31.5
2017,2017-06,2017-06-07,16.0,30.0
2017,2017-06,2017-06-08,11.2,28.5
2017,2017-06,2017-06-09,7.4,30.6
2017,2017-06,2017-06-10,0.7,30.8
2017,2017-06,2017-06-11,0.7,29.9
2017,2017-06,2017-06-12,1.1,31.2
2017,2017-06,2017-06-13,2.8,30.9
2017,2017-06,2017-06-14,3.2,30.6
2017,2017-06,2017-06-15,10.1,28.7
2017,2017-06,2017-06-16,10.7,28.0
2017,2017-06,2017-06-17,0.8,29.4
2017,2017-06,2017-06-18,6.0,30.0
2017,2017-06,2017-06-19,9.8,28.4
2017,2017-06,2017-06-20,8.5,28.1
2017,2017-06,2017-06-21,0.0,30.1
2017,2017-06,2017-06-22,0.0,30.9
2017,2017-06,2017-06-23,1.0,30.7
2017,2017-06,2017-06-24,7.7,28.9
2017,2017-06,2017-06-25,1.9,28.6
2017,2017-06,2017-06-26,5.8,28.0
2017,2017-06,2017-06-27,4.9,28.7
2017,2017-06,2017-06-28,0.0,29.1
2017,2017-06,2017-06-29,2.8,29.3
2017,2017-06,2017-06-30,0.0,30.8
2017,2017-07,2017-07-01,0.0,30.6
2017,2017-07,2017-07-02,0.7,31.0
2017,2017-07,2017-07-03,1.1,31.1
2017,2017-07,2017-07-04,0.1,31.8
2017,2017-07,2017-07-05,0.1,32.2
2017,2017-07,2017-07-06,0.0,31.0
2017,2017-07,2017-07-07,17.0,27.3
2017,2017-07,2017-07-08,0.5,29.7
2017,2017-07,2017-07-09,0.7,29.5
2017,2017-07,2017-07-10,0.4,30.5
2017,2017-07,2017-07-11,15.8,28.7
2017,2017-07,2017-07-12,1.6,30.0
2017,2017-07,2017-07-13,39.7,27.0
2017,2017-07,2017-07-14,25.8,26.0
2017,2017-07,2017-07-15,4.1,28.1
2017,2017-07,2017-07-16,1.2,28.3
2017,2017-07,2017-07-17,19.3,26.0
2017,2017-07,2017-07-18,56.9,25.4
2017,2017-07,2017-07-19,2.2,28.4
2017,2017-07,2017-07-20,0.3,29.5
2017,2017-07,2017-07-21,0.1,30.6
2017,2017-07,2017-07-22,0.0,30.7
2017,2017-07,2017-07-23,0.3,30.7
2017,2017-07,2017-07-24,0.0,30.7
2017,2017-07,2017-07-25,0.0,30.7
2017,2017-07,2017-07-26,0.1,30.8
2017,2017-07,2017-07-27,0.2,30.8
2017,2017-07,2017-07-28,0.5,30.7
2017,2017-07,2017-07-29,8.4,28.9
2017,2017-07,2017-07-30,1.8,30.4
2017,2017-07,2017-07-31,2.6,30.4
2017,2017-08,2017-08-01,0.6,31.4
2017,2017-08,2017-08-02,1.4,31.0
2017,2017-08,2017-08-03,0.3,32.0
2017,2017-08,2017-08-04,1.2,30.7
2017,2017-08,2017-08-05,3.4,29.9
2017,2017-08,2017-08-06,4.8,30.3
2017,2017-08,2017-08-07,0.9,29.9
2017,2017-08,2017-08-08,3.4,29.3
2017,2017-08,2017-08-09,12.6,27.9
2017,2017-08,2017-08-10,5.1,27.8
2017,2017-08,2017-08-11,2.8,28.6
2017,2017-08,2017-08-12,5.0,28.8
2017,2017-08,2017-08-13,4.2,27.6
2017,2017-08,2017-08-14,1.8,28.2
2017,2017-08,2017-08-15,2.7,29.0
2017,2017-08,2017-08-16,0.6,29.5
2017,2017-08,2017-08-17,5.5,28.0
2017,2017-08,2017-08-18,18.0,26.2
2017,2017-08,2017-08-19,13.4,25.9
2017,2017-08,2017-08-20,0.8,27.2
2017,2017-08,2017-08-21,0.0,28.3
2017,2017-08,2017-08-22,6.2,27.8
2017,2017-08,2017-08-23,2.3,28.5
2017,2017-08,2017-08-24,5.7,28.1
2017,2017-08,2017-08-25,7.5,27.4
2017,2017-08,2017-08-26,8.6,27.9
2017,2017-08,2017-08-27,25.3,26.9
2017,2017-08,2017-08-28,22.1,26.2
2017,2017-08,2017-08-29,2.3,27.2
2017,2017-08,2017-08-30,0.1,28.9
2017,2017-08,2017-08-31,0.0,29.2
2017,2017-09,2017-09-01,0.6,29.0
2017,2017-09,2017-09-02,0.0,29.3
2017,2017-09,2017-09-03,1.1,29.5
2017,2017-09,2017-09-04,1.4,29.5
2017,2017-09,2017-09-05,0.7,28.9
2017,2017-09,2017-09-06,12.9,27.9
2017,2017-09,2017-09-07,22.6,27.7
2017,2017-09,2017-09-08,3.5,28.1
2017,2017-09,2017-09-09,2.1,28.1
2017,2017-09,2017-09-10,3.6,28.0
2017,2017-09,2017-09-11,3.6,27.9
2017,2017-09,2017-09-12,1.2,28.6
2017,2017-09,2017-09-13,0.5,28.6
2017,2017-09,2017-09-14,3.2,29.1
2017,2017-09,2017-09-15,1.9,28.0
2017,2017-09,2017-09-16,9.1,28.3
2017,2017-09,2017-09-17,15.1,27.1
2017,2017-09,2017-09-18,3.6,26.7
2017,2017-09,2017-09-19,0.8,28.0
2017,2017-09,2017-09-20,0.1,28.3
2017,2017-09,2017-09-21,0.0,28.9
2017,2017-09,2017-09-22,0.4,28.3
2017,2017-09,2017-09-23,4.7,28.6
2017,2017-09,2017-09-24,5.3,28.3
2017,2017-09,2017-09-25,7.7,27.7
2017,2017-09,2017-09-26,2.9,28.0
2017,2017-09,2017-09-27,13.7,27.4
2017,2017-09,2017-09-28,26.2,26.5
2017,2017-09,2017-09-29,5.8,27.3
2017,2017-09,2017-09-30,5.8,27.3
2017,2017-10,2017-10-01,9.7,27.3
2017,2017-10,2017-10-02,23.7,26.7
2017,2017-10,2017-10-03,7.3,26.8
2017,2017-10,2017-10-04,7.3,27.1
2017,2017-10,2017-10-05,13.7,26.5
2017,2017-10,2017-10-06,1.6,26.6
2017,2017-10,2017-10-07,8.9,26.9
2017,2017-10,2017-10-08,5.3,26.9
2017,2017-10,2017-10-09,1.0,27.4
2017,2017-10,2017-10-10,0.7,27.3
2017,2017-10,2017-10-11,3.2,27.4
2017,2017-10,2017-10-12,3.9,27.7
2017,2017-10,2017-10-13,1.5,27.7
2017,2017-10,2017-10-14,2.5,28.1
2017,2017-10,2017-10-15,9.1,28.0
2017,2017-10,2017-10-16,7.3,28.0
2017,2017-10,2017-10-17,0.0,28.8
2017,2017-10,2017-10-18,0.0,28.4
2017,2017-10,2017-10-19,0.1,26.9
2017,2017-10,2017-10-20,0.0,27.9
2017,2017-10,2017-10-21,0.0,26.7
2017,2017-10,2017-10-22,0.0,27.8
2017,2017-10,2017-10-23,0.0,28.3
2017,2017-10,2017-10-24,0.9,28.2
2017,2017-10,2017-10-25,0.8,27.5
2017,2017-10,2017-10-26,0.0,27.2
2017,2017-10,2017-10-27,0.0,26.8
2017,2017-10,2017-10-28,0.0,27.0
2017,2017-10,2017-10-29,0.0,26.9
2017,2017-10,2017-10-30,0.0,26.8
2017,2017-10,2017-10-31,0.0,27.2
2017,2017-11,2017-11-01,0.0,27.2
2017,2017-11,2017-11-02,0.0,26.9
2017,2017-11,2017-11-03,0.0,26.3
2017,2017-11,2017-11-04,0.0,26.1
2017,2017-11,2017-11-05,0.3,26.6
2017,2017-11,2017-11-06,0.2,26.6
2017,2017-11,2017-11-07,0.0,27.1
2017,2017-11,2017-11-08,0.2,27.6
2017,2017-11,2017-11-09,0.0,27.6
2017,2017-11,2017-11-10,0.0,26.8
2017,2017-11,2017-11-11,0.0,26.2
2017,2017-11,2017-11-12,0.0,27.0
2017,2017-11,2017-11-13,0.2,27.2
2017,2017-11,2017-11-14,0.4,27.2
2017,2017-11,2017-11-15,0.0,29.5
2017,2017-11,2017-11-16,0.0,28.9
2017,2017-11,2017-11-17,1.1,28.2
2017,2017-11,2017-11-18,1.2,27.5
2017,2017-11,2017-11-19,8.2,27.7
2017,2017-11,2017-11-20,1.3,27.5
2017,2017-11,2017-11-21,0.6,27.5
2017,2017-11,2017-11-22,0.0,27.2
2017,2017-11,2017-11-23,0.4,27.9
2017,2017-11,2017-11-24,0.6,27.7
2017,2017-11,2017-11-25,0.0,27.1
2017,2017-11,2017-11-26,0.0,26.1
2017,2017-11,2017-11-27,0.0,26.0
2017,2017-11,2017-11-28,0.0,25.6
2017,2017-11,2017-11-29,0.0,25.5
2017,2017-11,2017-11-30,0.0,25.7
2018,2018-06,2018-06-01,12.3,31.9
2018,2018-06,2018-06-02,6.5,31.3
2018,2018-06,2018-06-03,0.3,32.3
2018,2018-06,2018-06-04,0.3,33.9
2018,2018-06,2018-06-05,4.5,33.2
2018,2018-06,2018-06-06,1.5,31.7
2018,2018-06,2018-06-07,4.0,30.0
2018,2018-06,2018-06-08,0.3,31.0
2018,2018-06,2018-06-09,1.5,30.4
2018,2018-06,2018-06-10,2.2,29.9
2018,2018-06,2018-06-11,7.2,29.5
2018,2018-06,2018-06-12,0.0,31.6
2018,2018-06,2018-06-13,0.0,32.3
2018,2018-06,2018-06-14,0.0,33.6
2018,2018-06,2018-06-15,0.6,33.4
2018,2018-06,2018-06-16,0.0,33.7
2018,2018-06,2018-06-17,0.0,34.8
2018,2018-06,2018-06-18,0.0,34.0
2018,2018-06,2018-06-19,0.0,34.0
2018,2018-06,2018-06-20,0.1,34.7
2018,2018-06,2018-06-21,0.3,33.6
2018,2018-06,2018-06-22,0.6,32.0
2018,2018-06,2018-06-23,2.6,30.2
2018,2018-06,2018-06-24,0.0,32.4
2018,2018-06,2018-06-25,0.1,33.2
2018,2018-06,2018-06-26,0.0,32.7
2018,2018-06,2018-06-27,7.3,31.3
2018,2018-06,2018-06-28,11.6,28.3
2018,2018-06,2018-06-29,7.9,30.2
2018,2018-06,2018-06-30,3.0,28.9
2018,2018-07,2018-07-01,2.0,29.3
2018,2018-07,2018-07-02,4.4,30.1
2018,2018-07,2018-07-03,0.5,30.7
2018,2018-07,2018-07-04,0.0,32.5
2018,2018-07,2018-07-05,1.4,32.3
2018,2018-07,2018-07-06,0.9,30.8
2018,2018-07,2018-07-07,6.0,29.1
2018,2018-07,2018-07-08,8.1,28.0
2018,2018-07,2018-07-09,2.7,29.3
2018,2018-07,2018-07-10,9.3,27.1
2018,2018-07,2018-07-11,3.9,27.2
2018,2018-07,2018-07-12,23.1,25.5
2018,2018-07,2018-07-13,3.5,27.8
2018,2018-07,2018-07-14,4.6,27.7
2018,2018-07,2018-07-15,18.1,26.1
2018,2018-07,2018-07-16,3.0,27.7
2018,2018-07,2018-07-17,0.7,30.2
2018,2018-07,2018-07-18,0.0,30.8
2018,2018-07,2018-07-19,0.0,31.2
2018,2018-07,2018-07-20,5.0,27.9
2018,2018-07,2018-07-21,1.8,28.4
2018,2018-07,2018-07-22,0.0,29.7
2018,2018-07,2018-07-23,0.6,30.6
2018,2018-07,2018-07-24,0.7,31.1
2018,2018-07,2018-07-25,0.1,31.7
2018,2018-07,2018-07-26,0.0,32.0
2018,2018-07,2018-07-27,0.1,31.2
2018,2018-07,2018-07-28,0.0,31.5
2018,2018-07,2018-07-29,1.1,31.9
2018,2018-07,2018-07-30,0.1,32.8
2018,2018-07,2018-07-31,0.3,33.2
2018,2018-08,2018-08-01,0.7,32.4
2018,2018-08,2018-08-02,1.7,31.6
2018,2018-08,2018-08-03,0.4,31.3
2018,2018-08,2018-08-04,0.9,31.8
2018,2018-08,2018-08-05,0.1,32.4
2018,2018-08,2018-08-06,0.1,31.4
2018,2018-08,2018-08-07,3.1,29.1
2018,2018-08,2018-08-08,14.3,27.0
2018,2018-08,2018-08-09,2.7,29.7
2018,2018-08,2018-08-10,14.7,27.5
2018,2018-08,2018-08-11,30.3,26.6
2018,2018-08,2018-08-12,18.1,27.1
2018,2018-08,2018-08-13,18.7,26.0
2018,2018-08,2018-08-14,40.8,25.4
2018,2018-08,2018-08-15,10.7,26.4
2018,2018-08,2018-08-16,7.8,27.2
2018,2018-08,2018-08-17,0.6,28.7
2018,2018-08,2018-08-18,0.4,29.4
2018,2018-08,2018-08-19,21.2,26.2
2018,2018-08,2018-08-20,29.2,25.3
2018,2018-08,2018-08-21,1.6,27.7
2018,2018-08,2018-08-22,0.1,28.9
2018,2018-08,2018-08-23,0.0,29.3
2018,2018-08,2018-08-24,4.7,28.8
2018,2018-08,2018-08-25,0.0,29.0
2018,2018-08,2018-08-26,0.0,29.0
2018,2018-08,2018-08-27,3.0,27.3
2018,2018-08,2018-08-28,0.2,28.5
2018,2018-08,2018-08-29,0.3,29.1
2018,2018-08,2018-08-30,0.1,29.5
2018,2018-08,2018-08-31,3.4,28.9
2018,2018-09,2018-09-01,0.1,29.0
2018,2018-09,2018-09-02,0.3,29.3
2018,2018-09,2018-09-03,0.2,29.8
2018,2018-09,2018-09-04,0.3,29.9
2018,2018-09,2018-09-05,0.0,30.1
2018,2018-09,2018-09-06,0.3,30.3
2018,2018-09,2018-09-07,0.0,30.4
2018,2018-09,2018-09-08,0.2,30.1
2018,2018-09,2018-09-09,0.1,30.2
2018,2018-09,2018-09-10,1.3,29.6
2018,2018-09,2018-09-11,0.3,30.1
2018,2018-09,2018-09-12,0.5,29.7
2018,2018-09,2018-09-13,4.0,28.8
2018,2018-09,2018-09-14,3.3,28.8
2018,2018-09,2018-09-15,1.9,29.9
2018,2018-09,2018-09-16,0.0,30.9
2018,2018-09,2018-09-17,5.0,28.1
2018,2018-09,2018-09-18,2.3,28.5
2018,2018-09,2018-09-19,15.1,27.9
2018,2018-09,2018-09-20,1.2,28.5
2018,2018-09,2018-09-21,1.5,28.9
2018,2018-09,2018-09-22,0.7,28.1
2018,2018-09,2018-09-23,1.9,28.5
2018,2018-09,2018-09-24,0.9,28.7
2018,2018-09,2018-09-25,0.8,29.4
2018,2018-09,2018-09-26,1.7,28.9
2018,2018-09,2018-09-27,1.3,28.9
2018,2018-09,2018-09-28,2.2,28.9
2018,2018-09,2018-09-29,0.1,29.9
2018,2018-09,2018-09-30,4.2,29.8
2018,2018-10,2018-10-01,3.4,29.1
2018,2018-10,2018-10-02,0.6,29.7
2018,2018-10,2018-10-03,0.2,30.3
2018,2018-10,2018-10-04,0.0,29.9
2018,2018-10,2018-10-05,0.5,29.3
2018,2018-10,2018-10-06,0.0,30.2
2018,2018-10,2018-10-07,0.0,30.6
2018,2018-10,2018-10-08,0.0,30.7
2018,2018-10,2018-10-09,0.0,31.5
2018,2018-10,2018-10-10,0.0,32.1
2018,2018-10,2018-10-11,0.0,32.2
2018,2018-10,2018-10-12,0.5,31.6
2018,2018-10,2018-10-13,1.5,30.9
2018,2018-10,2018-10-14,7.1,29.1
2018,2018-10,2018-10-15,2.0,27.8
2018,2018-10,2018-10-16,4.1,27.6
2018,2018-10,2018-10-17,7.0,26.8
2018,2018-10,2018-10-18,7.4,26.6
2018,2018-10,2018-10-19,0.0,26.8
2018,2018-10,2018-10-20,0.0,27.1
2018,2018-10,2018-10-21,0.0,28.1
2018,2018-10,2018-10-22,0.0,28.3
2018,2018-10,2018-10-23,0.0,28.6
2018,2018-10,2018-10-24,0.0,28.5
2018,2018-10,2018-10-25,2.1,27.7
2018,2018-10,2018-10-26,0.0,28.4
2018,2018-10,2018-10-27,0.0,27.4
2018,2018-10,2018-10-28,0.0,27.2
2018,2018-10,2018-10-29,0.0,27.4
2018,2018-10,2018-10-30,1.5,27.6
2018,2018-10,2018-10-31,1.0,27.3
2018,2018-11,2018-11-01,23.6,26.7
2018,2018-11,2018-11-02,3.1,26.8
2018,2018-11,2018-11-03,1.6,27.3
2018,2018-11,2018-11-04,0.7,27.7
2018,2018-11,2018-11-05,0.3,27.9
2018,2018-11,2018-11-06,0.2,28.0
2018,2018-11,2018-11-07,0.0,28.2
2018,2018-11,2018-11-08,0.0,28.0
2018,2018-11,2018-11-09,0.0,27.9
2018,2018-11,2018-11-10,0.0,28.2
2018,2018-11,2018-11-11,0.0,27.6
2018,2018-11,2018-11-12,0.0,27.3
2018,2018-11,2018-11-13,0.0,27.1
2018,2018-11,2018-11-14,0.0,27.3
2018,2018-11,2018-11-15,0.2,28.3
2018,2018-11,2018-11-16,4.7,26.9
2018,2018-11,2018-11-17,4.1,26.9
2018,2018-11,2018-11-18,2.6,27.8
2018,2018-11,2018-11-19,0.2,28.0
2018,2018-11,2018-11-20,0.0,28.0
2018,2018-11,2018-11-21,0.3,26.6
2018,2018-11,2018-11-22,15.9,24.0
2018,2018-11,2018-11-23,0.0,25.8
2018,2018-11,2018-11-24,0.0,26.6
2018,2018-11,2018-11-25,0.0,25.7
2018,2018-11,2018-11-26,0.0,24.8
2018,2018-11,2018-11-27,0.0,24.5
2018,2018-11,2018-11-28,0.0,25.0
2018,2018-11,2018-11-29,0.0,26.3
2018,2018-11,2018-11-30,0.0,26.4
2019,2019-06,2019-06-01,0.4,34.7
2019,2019-06,2019-06-02,0.1,34.4
2019,2019-06,2019-06-03,0.0,34.5
2019,2019-06,2019-06-04,0.0,33.5
2019,2019-06,2019-06-05,0.0,34.2
2019,2019-06,2019-06-06,0.2,33.4
2019,2019-06,2019-06-07,0.2,33.8
2019,2019-06,2019-06-08,6.2,34.3
2019,2019-06,2019-06-09,1.5,34.7
2019,2019-06,2019-06-10,1.5,34.0
2019,2019-06,2019-06-11,0.0,34.7
2019,2019-06,2019-06-12,0.0,35.5
2019,2019-06,2019-06-13,0.0,35.0
2019,2019-06,2019-06-14,0.0,35.3
2019,2019-06,2019-06-15,0.0,36.3
2019,2019-06,2019-06-16,0.0,36.3
2019,2019-06,2019-06-17,0.0,33.9
2019,2019-06,2019-06-18,0.0,34.8
2019,2019-06,2019-06-19,0.0,35.9
2019,2019-06,2019-06-20,1.4,34.0
2019,2019-06,2019-06-21,14.6,28.2
2019,2019-06,2019-06-22,11.7,28.8
2019,2019-06,2019-06-23,5.3,29.3
2019,2019-06,2019-06-24,3.5,30.8
2019,2019-06,2019-06-25,11.9,29.4
2019,2019-06,2019-06-26,13.9,30.2
2019,2019-06,2019-06-27,0.0,32.8
2019,2019-06,2019-06-28,0.3,33.1
2019,2019-06,2019-06-29,0.4,31.2
2019,2019-06,2019-06-30,2.1,29.7
2019,2019-07,2019-07-01,6.2,27.8
2019,2019-07,2019-07-02,1.8,29.7
2019,2019-07,2019-07-03,0.6,30.2
2019,2019-07,2019-07-04,1.9,32.3
2019,2019-07,2019-07-05,2.5,29.9
2019,2019-07,2019-07-06,0.6,29.4
2019,2019-07,2019-07-07,0.0,31.9
2019,2019-07,2019-07-08,0.0,33.2
2019,2019-07,2019-07-09,0.0,33.1
2019,2019-07,2019-07-10,0.1,33.4
2019,2019-07,2019-07-11,0.0,33.1
2019,2019-07,2019-07-12,0.3,33.0
2019,2019-07,2019-07-13,3.0,33.1
2019,2019-07,2019-07-14,9.0,30.1
2019,2019-07,2019-07-15,3.4,29.8
2019,2019-07,2019-07-16,0.5,30.8
2019,2019-07,2019-07-17,2.1,32.3
2019,2019-07,2019-07-18,1.5,31.5
2019,2019-07,2019-07-19,9.4,28.2
2019,2019-07,2019-07-20,27.2,28.2
2019,2019-07,2019-07-21,2.9,29.8
2019,2019-07,2019-07-22,10.0,29.0
2019,2019-07,2019-07-23,7.2,28.9
2019,2019-07,2019-07-24,0.8,30.9
2019,2019-07,2019-07-25,2.6,31.1
2019,2019-07,2019-07-26,11.9,27.2
2019,2019-07,2019-07-27,14.4,27.1
2019,2019-07,2019-07-28,4.7,26.7
2019,2019-07,2019-07-29,1.9,27.4
2019,2019-07,2019-07-30,0.3,28.0
2019,2019-07,2019-07-31,0.0,29.9
2019,2019-08,2019-08-01,2.8,28.8
2019,2019-08,2019-08-02,9.9,25.8
2019,2019-08,2019-08-03,0.0,27.3
2019,2019-08,2019-08-04,1.3,27.7
2019,2019-08,2019-08-05,0.6,28.2
2019,2019-08,2019-08-06,5.5,27.4
2019,2019-08,2019-08-07,13.1,26.9
2019,2019-08,2019-08-08,6.8,28.2
2019,2019-08,2019-08-09,1.5,29.0
2019,2019-08,2019-08-10,0.4,29.4
2019,2019-08,2019-08-11,0.0,30.2
2019,2019-08,2019-08-12,0.2,30.3
2019,2019-08,2019-08-13,1.4,29.5
2019,2019-08,2019-08-14,5.2,29.6
2019,2019-08,2019-08-15,1.7,29.6
2019,2019-08,2019-08-16,2.6,29.6
2019,2019-08,2019-08-17,15.8,29.5
2019,2019-08,2019-08-18,12.4,28.2
2019,2019-08,2019-08-19,4.6,29.0
2019,2019-08,2019-08-20,4.4,28.7
2019,2019-08,2019-08-21,9.3,28.0
2019,2019-08,2019-08-22,4.4,28.6
2019,2019-08,2019-08-23,2.2,28.2
2019,2019-08,2019-08-24,0.8,29.5
2019,2019-08,2019-08-25,0.0,30.0
2019,2019-08,2019-08-26,0.0,30.1
2019,2019-08,2019-08-27,0.4,30.6
2019,2019-08,2019-08-28,0.0,31.1
2019,2019-08,2019-08-29,1.3,30.8
2019,2019-08,2019-08-30,3.2,30.0
2019,2019-08,2019-08-31,6.4,28.4
2019,2019-09,2019-09-01,5.3,26.6
2019,2019-09,2019-09-02,10.1,26.8
2019,2019-09,2019-09-03,10.7,26.5
2019,2019-09,2019-09-04,4.7,26.9
2019,2019-09,2019-09-05,0.7,28.5
2019,2019-09,2019-09-06,3.2,28.8
2019,2019-09,2019-09-07,6.4,28.1
2019,2019-09,2019-09-08,3.0,28.0
2019,2019-09,2019-09-09,0.2,30.0
2019,2019-09,2019-09-10,0.5,30.0
2019,2019-09,2019-09-11,0.7,30.1
2019,2019-09,2019-09-12,0.8,29.6
2019,2019-09,2019-09-13,0.1,29.9
2019,2019-09,2019-09-14,3.1,29.6
2019,2019-09,2019-09-15,7.0,29.5
2019,2019-09,2019-09-16,4.3,29.2
2019,2019-09,2019-09-17,11.9,27.9
2019,2019-09,2019-09-18,20.2,26.4
2019,2019-09,2019-09-19,7.3,27.0
2019,2019-09,2019-09-20,43.0,26.7
2019,2019-09,2019-09-21,31.7,27.0
2019,2019-09,2019-09-22,5.1,27.6
2019,2019-09,2019-09-23,19.6,27.4
2019,2019-09,2019-09-24,6.7,26.4
2019,2019-09,2019-09-25,14.4,26.1
2019,2019-09,2019-09-26,4.4,26.9
2019,2019-09,2019-09-27,8.5,27.0
2019,2019-09,2019-09-28,2.5,27.4
2019,2019-09,2019-09-29,4.4,27.6
2019,2019-09,2019-09-30,0.1,27.7
2019,2019-10,2019-10-01,4.0,27.9
2019,2019-10,2019-10-02,5.5,28.0
2019,2019-10,2019-10-03,16.9,27.3
2019,2019-10,2019-10-04,14.2,27.2
2019,2019-10,2019-10-05,9.5,27.2
2019,2019-10,2019-10-06,1.0,27.4
2019,2019-10,2019-10-07,3.9,27.8
2019,2019-10,2019-10-08,8.5,26.9
2019,2019-10,2019-10-09,3.9,26.4
2019,2019-10,2019-10-10,3.9,26.8
2019,2019-10,2019-10-11,3.1,27.0
2019,2019-10,2019-10-12,3.6,27.4
2019,2019-10,2019-10-13,3.1,27.3
2019,2019-10,2019-10-14,4.5,26.6
2019,2019-10,2019-10-15,1.7,27.5
2019,2019-10,2019-10-16,8.9,26.1
2019,2019-10,2019-10-17,10.2,25.8
2019,2019-10,2019-10-18,5.0,26.2
2019,2019-10,2019-10-19,3.8,25.6
2019,2019-10,2019-10-20,11.7,25.6
2019,2019-10,2019-10-21,16.2,24.9
2019,2019-10,2019-10-22,26.8,24.8
2019,2019-10,2019-10-23,63.2,24.6
2019,2019-10,2019-10-24,1.1,26.8
2019,2019-10,2019-10-25,10.1,26.2
2019,2019-10,2019-10-26,10.5,25.8
2019,2019-10,2019-10-27,11.8,26.1
2019,2019-10,2019-10-28,0.5,26.9
2019,2019-10,2019-10-29,8.5,26.2
2019,2019-10,2019-10-30,8.8,25.4
2019,2019-10,2019-10-31,12.9,25.1
2019,2019-11,2019-11-01,0.5,26.4
2019,2019-11,2019-11-02,1.6,26.5
2019,2019-11,2019-11-03,0.5,26.8
2019,2019-11,2019-11-04,0.0,27.5
2019,2019-11,2019-11-05,0.0,27.1
2019,2019-11,2019-11-06,0.1,27.1
2019,2019-11,2019-11-07,0.2,26.7
2019,2019-11,2019-11-08,0.0,26.8
2019,2019-11,2019-11-09,0.0,26.6
2019,2019-11,2019-11-10,0.0,26.2
2019,2019-11,2019-11-11,0.0,26.2
2019,2019-11,2019-11-12,0.2,26.1
2019,2019-11,2019-11-13,0.5,25.9
2019,2019-11,2019-11-14,0.0,25.8
2019,2019-11,2019-11-15,0.0,26.3
2019,2019-11,2019-11-16,0.0,26.2
2019,2019-11,2019-11-17,0.0,26.7
2019,2019-11,2019-11-18,0.3,26.9
2019,2019-11,2019-11-19,1.1,26.7
2019,2019-11,2019-11-20,0.7,26.0
2019,2019-11,2019-11-21,0.0,26.1
2019,2019-11,2019-11-22,0.0,25.3
2019,2019-11,2019-11-23,0.0,25.6
2019,2019-11,2019-11-24,0.0,24.9
2019,2019-11,2019-11-25,0.0,25.2
2019,2019-11,2019-11-26,0.0,24.8
2019,2019-11,2019-11-27,0.1,25.2
2019,2019-11,2019-11-28,0.7,25.6
2019,2019-11,2019-11-29,0.0,25.8
2019,2019-11,2019-11-30,0.2,26.2
2020,2020-06,2020-06-01,2.2,31.8
2020,2020-06,2020-06-02,3.6,31.4
2020,2020-06,2020-06-03,1.2,32.1
2020,2020-06,2020-06-04,0.1,33.4
2020,2020-06,2020-06-05,0.0,33.7
2020,2020-06,2020-06-06,0.0,34.2
2020,2020-06,2020-06-07,0.0,34.9
2020,2020-06,2020-06-08,0.0,34.4
2020,2020-06,2020-06-09,0.9,33.8
2020,2020-06,2020-06-10,10.6,29.6
2020,2020-06,2020-06-11,44.7,26.5
2020,2020-06,2020-06-12,1.9,27.5
2020,2020-06,2020-06-13,0.2,29.9
2020,2020-06,2020-06-14,0.7,31.4
2020,2020-06,2020-06-15,0.3,31.7
2020,2020-06,2020-06-16,0.4,31.3
2020,2020-06,2020-06-17,0.2,31.2
2020,2020-06,2020-06-18,3.1,29.9
2020,2020-06,2020-06-19,0.0,31.8
2020,2020-06,2020-06-20,0.0,32.6
2020,2020-06,2020-06-21,6.4,28.6
2020,2020-06,2020-06-22,0.0,30.2
2020,2020-06,2020-06-23,0.7,31.2
2020,2020-06,2020-06-24,1.5,30.7
2020,2020-06,2020-06-25,1.0,29.8
2020,2020-06,2020-06-26,1.4,30.1
2020,2020-06,2020-06-27,3.4,30.4
2020,2020-06,2020-06-28,2.6,29.7
2020,2020-06,2020-06-29,17.6,29.5
2020,2020-06,2020-06-30,6.7,29.1
2020,2020-07,2020-07-01,1.8,29.3
2020,2020-07,2020-07-02,6.2,29.4
2020,2020-07,2020-07-03,1.7,30.4
2020,2020-07,2020-07-04,4.3,27.4
2020,2020-07,2020-07-05,16.4,26.7
2020,2020-07,2020-07-06,3.1,27.4
2020,2020-07,2020-07-07,0.5,29.7
2020,2020-07,2020-07-08,10.8,29.7
2020,2020-07,2020-07-09,14.2,27.3
2020,2020-07,2020-07-10,4.3,28.5
2020,2020-07,2020-07-11,1.6,29.1
2020,2020-07,2020-07-12,1.3,29.7
2020,2020-07,2020-07-13,13.1,28.8
2020,2020-07,2020-07-14,9.7,27.7
2020,2020-07,2020-07-15,58.0,26.3
2020,2020-07,2020-07-16,12.2,26.7
2020,2020-07,2020-07-17,1.1,28.6
2020,2020-07,2020-07-18,1.1,28.8
2020,2020-07,2020-07-19,7.7,28.7
2020,2020-07,2020-07-20,7.1,28.7
2020,2020-07,2020-07-21,11.2,28.8
2020,2020-07,2020-07-22,0.5,29.4
2020,2020-07,2020-07-23,7.9,27.4
2020,2020-07,2020-07-24,0.3,28.3
2020,2020-07,2020-07-25,6.5,27.7
2020,2020-07,2020-07-26,0.9,29.3
2020,2020-07,2020-07-27,0.1,30.3
2020,2020-07,2020-07-28,14.3,29.3
2020,2020-07,2020-07-29,15.7,28.1
2020,2020-07,2020-07-30,1.6,28.8
2020,2020-07,2020-07-31,12.5,28.5
2020,2020-08,2020-08-01,3.4,28.8
2020,2020-08,2020-08-02,2.1,29.6
2020,2020-08,2020-08-03,1.0,29.3
2020,2020-08,2020-08-04,14.2,26.4
2020,2020-08,2020-08-05,10.6,26.5
2020,2020-08,2020-08-06,1.5,28.5
2020,2020-08,2020-08-07,3.7,29.4
2020,2020-08,2020-08-08,0.3,30.2
2020,2020-08,2020-08-09,6.0,29.4
2020,2020-08,2020-08-10,13.5,27.3
2020,2020-08,2020-08-11,0.4,29.1
2020,2020-08,2020-08-12,9.0,27.3
2020,2020-08,2020-08-13,16.4,25.6
2020,2020-08,2020-08-14,21.5,25.2
2020,2020-08,2020-08-15,34.4,24.7
2020,2020-08,2020-08-16,12.6,26.2
2020,2020-08,2020-08-17,3.9,27.1
2020,2020-08,2020-08-18,0.4,28.5
2020,2020-08,2020-08-19,16.0,26.6
2020,2020-08,2020-08-20,15.8,26.0
2020,2020-08,2020-08-21,2.9,27.6
2020,2020-08,2020-08-22,0.4,28.4
2020,2020-08,2020-08-23,1.6,28.0
2020,2020-08,2020-08-24,2.4,28.5
2020,2020-08,2020-08-25,0.2,28.8
2020,2020-08,2020-08-26,1.6,28.5
2020,2020-08,2020-08-27,0.5,28.1
2020,2020-08,2020-08-28,0.6,28.6
2020,2020-08,2020-08-29,0.7,28.7
2020,2020-08,2020-08-30,0.8,29.5
2020,2020-08,2020-08-31,1.0,30.0
2020,2020-09,2020-09-01,2.6,30.0
2020,2020-09,2020-09-02,17.5,28.1
2020,2020-09,2020-09-03,4.4,27.6
2020,2020-09,2020-09-04,2.2,28.1
2020,2020-09,2020-09-05,0.1,28.8
2020,2020-09,2020-09-06,0.5,28.9
2020,2020-09,2020-09-07,0.9,28.9
2020,2020-09,2020-09-08,1.1,29.3
2020,2020-09,2020-09-09,1.3,29.4
2020,2020-09,2020-09-10,7.8,29.2
2020,2020-09,2020-09-11,12.5,28.2
2020,2020-09,2020-09-12,5.8,27.8
2020,2020-09,2020-09-13,193.3,25.8
2020,2020-09,2020-09-14,63.5,25.9
2020,2020-09,2020-09-15,31.3,26.6
2020,2020-09,2020-09-16,10.3,27.1
2020,2020-09,2020-09-17,7.8,27.7
2020,2020-09,2020-09-18,14.3,28.0
2020,2020-09,2020-09-19,16.7,27.3
2020,2020-09,2020-09-20,12.2,27.1
2020,2020-09,2020-09-21,5.9,26.8
2020,2020-09,2020-09-22,0.4,27.9
2020,2020-09,2020-09-23,0.0,28.4
2020,2020-09,2020-09-24,0.0,28.8
2020,2020-09,2020-09-25,36.9,27.6
2020,2020-09,2020-09-26,57.8,26.1
2020,2020-09,2020-09-27,1.6,26.9
2020,2020-09,2020-09-28,0.4,28.0
2020,2020-09,2020-09-29,9.2,28.0
2020,2020-09,2020-09-30,5.5,27.4
2020,2020-10,2020-10-01,1.0,28.0
2020,2020-10,2020-10-02,0.1,28.8
2020,2020-10,2020-10-03,0.0,29.6
2020,2020-10,2020-10-04,0.0,29.0
2020,2020-10,2020-10-05,0.0,28.6
2020,2020-10,2020-10-06,0.0,28.2
2020,2020-10,2020-10-07,1.7,27.5
2020,2020-10,2020-10-08,1.9,27.4
2020,2020-10,2020-10-09,9.1,27.0
2020,2020-10,2020-10-10,3.5,27.1
2020,2020-10,2020-10-11,29.3,25.7
2020,2020-10,2020-10-12,16.2,25.7
2020,2020-10,2020-10-13,72.8,25.4
2020,2020-10,2020-10-14,21.1,26.9
2020,2020-10,2020-10-15,1.2,27.2
2020,2020-10,2020-10-16,7.7,26.5
2020,2020-10,2020-10-17,10.4,26.7
2020,2020-10,2020-10-18,9.4,26.8
2020,2020-10,2020-10-19,14.7,27.6
2020,2020-10,2020-10-20,39.4,25.2
2020,2020-10,2020-10-21,5.1,26.2
2020,2020-10,2020-10-22,0.0,27.6
2020,2020-10,2020-10-23,0.0,27.4
2020,2020-10,2020-10-24,0.0,27.5
2020,2020-10,2020-10-25,0.9,26.8
2020,2020-10,2020-10-26,0.0,26.6
2020,2020-10,2020-10-27,0.5,26.2
2020,2020-10,2020-10-28,0.0,26.4
2020,2020-10,2020-10-29,0.0,26.2
2020,2020-10,2020-10-30,0.0,26.9
2020,2020-10,2020-10-31,0.0,26.5
2020,2020-11,2020-11-01,0.0,26.7
2020,2020-11,2020-11-02,0.0,27.1
2020,2020-11,2020-11-03,0.7,27.1
2020,2020-11,2020-11-04,0.1,27.2
2020,2020-11,2020-11-05,0.8,26.5
2020,2020-11,2020-11-06,3.2,25.8
2020,2020-11,2020-11-07,0.3,26.1
2020,2020-11,2020-11-08,0.1,25.6
2020,2020-11,2020-11-09,0.0,23.3
2020,2020-11,2020-11-10,0.0,22.6
2020,2020-11,2020-11-11,0.2,24.2
2020,2020-11,2020-11-12,6.5,24.7
2020,2020-11,2020-11-13,1.3,25.5
2020,2020-11,2020-11-14,0.0,25.3
2020,2020-11,2020-11-15,9.7,24.5
2020,2020-11,2020-11-16,3.3,25.0
2020,2020-11,2020-11-17,0.0,25.4
2020,2020-11,2020-11-18,1.2,24.9
2020,2020-11,2020-11-19,0.2,25.4
2020,2020-11,2020-11-20,0.0,25.0
2020,2020-11,2020-11-21,0.0,25.3
2020,2020-11,2020-11-22,0.1,25.9
2020,2020-11,2020-11-23,1.0,25.2
2020,2020-11,2020-11-24,0.0,25.1
2020,2020-11,2020-11-25,0.6,24.7
2020,2020-11,2020-11-26,103.9,22.2
2020,2020-11,2020-11-27,37.4,22.1
2020,2020-11,2020-11-28,5.6,22.8
2020,2020-11,2020-11-29,1.9,24.1
2020,2020-11,2020-11-30,0.0,24.0
2021,2021-06,2021-06-01,4.9,32.8
2021,2021-06,2021-06-02,5.3,32.3
2021,2021-06,2021-06-03,3.5,30.4
2021,2021-06,2021-06-04,0.7,30.8
2021,2021-06,2021-06-05,0.7,31.2
2021,2021-06,2021-06-06,0.4,31.4
2021,2021-06,2021-06-07,1.1,32.4
2021,2021-06,2021-06-08,0.0,33.9
2021,2021-06,2021-06-09,1.2,33.3
2021,2021-06,2021-06-10,1.3,32.0
2021,2021-06,2021-06-11,2.0,28.8
2021,2021-06,2021-06-12,0.9,31.5
2021,2021-06,2021-06-13,4.7,29.3
2021,2021-06,2021-06-14,3.0,29.8
2021,2021-06,2021-06-15,0.1,30.6
2021,2021-06,2021-06-16,1.0,30.4
2021,2021-06,2021-06-17,0.7,30.1
2021,2021-06,2021-06-18,0.1,31.7
2021,2021-06,2021-06-19,0.2,31.9
2021,2021-06,2021-06-20,0.0,32.0
2021,2021-06,2021-06-21,0.0,33.4
2021,2021-06,2021-06-22,0.4,33.4
2021,2021-06,2021-06-23,1.0,32.0
2021,2021-06,2021-06-24,0.5,31.0
2021,2021-06,2021-06-25,0.0,31.2
2021,2021-06,2021-06-26,13.5,30.0
2021,2021-06,2021-06-27,16.9,28.2
2021,2021-06,2021-06-28,5.8,29.4
2021,2021-06,2021-06-29,0.1,31.1
2021,2021-06,2021-06-30,1.5,31.8
2021,2021-07,2021-07-01,10.7,30.9
2021,2021-07,2021-07-02,0.0,29.6
2021,2021-07,2021-07-03,3.0,30.3
2021,2021-07,2021-07-04,0.1,31.9
2021,2021-07,2021-07-05,2.2,32.0
2021,2021-07,2021-07-06,7.0,29.6
2021,2021-07,2021-07-07,11.9,29.9
2021,2021-07,2021-07-08,9.2,28.7
2021,2021-07,2021-07-09,13.1,29.0
2021,2021-07,2021-07-10,23.8,28.5
2021,2021-07,2021-07-11,18.8,26.7
2021,2021-07,2021-07-12,9.4,26.7
2021,2021-07,2021-07-13,14.0,27.6
2021,2021-07,2021-07-14,17.3,26.3
2021,2021-07,2021-07-15,35.2,26.8
2021,2021-07,2021-07-16,4.4,27.6
2021,2021-07,2021-07-17,10.7,27.8
2021,2021-07,2021-07-18,12.8,27.2
2021,2021-07,2021-07-19,1.2,28.6
2021,2021-07,2021-07-20,0.2,29.4
2021,2021-07,2021-07-21,19.5,26.6
2021,2021-07,2021-07-22,72.2,24.9
2021,2021-07,2021-07-23,4.2,27.3
2021,2021-07,2021-07-24,0.1,28.8
2021,2021-07,2021-07-25,0.0,30.0
2021,2021-07,2021-07-26,0.0,30.0
2021,2021-07,2021-07-27,0.0,29.4
2021,2021-07,2021-07-28,0.0,29.7
2021,2021-07,2021-07-29,0.0,29.6
2021,2021-07,2021-07-30,0.0,29.9
2021,2021-07,2021-07-31,0.0,29.1
2021,2021-08,2021-08-01,0.1,29.9
2021,2021-08,2021-08-02,0.4,30.2
2021,2021-08,2021-08-03,0.0,30.5
2021,2021-08,2021-08-04,0.1,31.1
2021,2021-08,2021-08-05,0.5,31.1
2021,2021-08,2021-08-06,0.8,31.0
2021,2021-08,2021-08-07,1.3,31.3
2021,2021-08,2021-08-08,0.4,31.0
2021,2021-08,2021-08-09,0.8,31.5
2021,2021-08,2021-08-10,3.3,31.0
2021,2021-08,2021-08-11,0.7,31.3
2021,2021-08,2021-08-12,10.6,30.1
2021,2021-08,2021-08-13,2.1,29.0
2021,2021-08,2021-08-14,3.1,28.8
2021,2021-08,2021-08-15,8.5,28.7
2021,2021-08,2021-08-16,21.3,26.3
2021,2021-08,2021-08-17,8.5,26.4
2021,2021-08,2021-08-18,0.3,28.4
2021,2021-08,2021-08-19,0.3,29.3
2021,2021-08,2021-08-20,0.4,28.8
2021,2021-08,2021-08-21,5.6,27.4
2021,2021-08,2021-08-22,2.4,28.2
2021,2021-08,2021-08-23,1.8,28.6
2021,2021-08,2021-08-24,0.8,29.5
2021,2021-08,2021-08-25,4.5,29.5
2021,2021-08,2021-08-26,6.9,28.8
2021,2021-08,2021-08-27,3.1,28.7
2021,2021-08,2021-08-28,12.0,26.7
2021,2021-08,2021-08-29,7.1,27.2
2021,2021-08,2021-08-30,23.4,26.5
2021,2021-08,2021-08-31,0.7,26.9
2021,2021-09,2021-09-01,9.8,26.8
2021,2021-09,2021-09-02,2.5,27.5
2021,2021-09,2021-09-03,18.1,27.3
2021,2021-09,2021-09-04,21.9,27.3
2021,2021-09,2021-09-05,7.0,28.1
2021,2021-09,2021-09-06,12.0,26.0
2021,2021-09,2021-09-07,3.7,27.3
2021,2021-09,2021-09-08,0.1,28.7
2021,2021-09,2021-09-09,0.0,29.2
2021,2021-09,2021-09-10,0.0,29.4
2021,2021-09,2021-09-11,1.3,28.5
2021,2021-09,2021-09-12,0.1,29.5
2021,2021-09,2021-09-13,0.4,29.7
2021,2021-09,2021-09-14,0.2,29.9
2021,2021-09,2021-09-15,0.6,29.9
2021,2021-09,2021-09-16,0.1,29.5
2021,2021-09,2021-09-17,0.2,29.7
2021,2021-09,2021-09-18,0.1,29.4
2021,2021-09,2021-09-19,0.2,29.9
2021,2021-09,2021-09-20,0.1,29.5
2021,2021-09,2021-09-21,16.5,27.2
2021,2021-09,2021-09-22,3.9,28.2
2021,2021-09,2021-09-23,3.9,27.7
2021,2021-09,2021-09-24,6.4,28.0
2021,2021-09,2021-09-25,11.2,28.1
2021,2021-09,2021-09-26,10.7,28.4
2021,2021-09,2021-09-27,6.0,27.1
2021,2021-09,2021-09-28,0.5,28.5
2021,2021-09,2021-09-29,1.0,28.8
2021,2021-09,2021-09-30,2.0,28.4
2021,2021-10,2021-10-01,1.9,28.4
2021,2021-10,2021-10-02,2.8,28.1
2021,2021-10,2021-10-03,2.1,28.2
2021,2021-10,2021-10-04,4.7,28.6
2021,2021-10,2021-10-05,0.2,28.7
2021,2021-10,2021-10-06,7.6,27.1
2021,2021-10,2021-10-07,4.0,27.9
2021,2021-10,2021-10-08,7.7,28.8
2021,2021-10,2021-10-09,3.4,28.7
2021,2021-10,2021-10-10,3.2,29.3
2021,2021-10,2021-10-11,0.0,29.3
2021,2021-10,2021-10-12,0.0,29.5
2021,2021-10,2021-10-13,0.0,30.2
2021,2021-10,2021-10-14,0.0,30.9
2021,2021-10,2021-10-15,6.8,30.1
2021,2021-10,2021-10-16,13.4,26.9
2021,2021-10,2021-10-17,1.1,27.7
2021,2021-10,2021-10-18,0.1,29.5
2021,2021-10,2021-10-19,0.5,29.1
2021,2021-10,2021-10-20,0.0,29.6
2021,2021-10,2021-10-21,1.3,29.1
2021,2021-10,2021-10-22,0.0,29.7
2021,2021-10,2021-10-23,3.2,28.8
2021,2021-10,2021-10-24,10.9,27.8
2021,2021-10,2021-10-25,0.0,28.2
2021,2021-10,2021-10-26,0.0,27.8
2021,2021-10,2021-10-27,0.0,27.5
2021,2021-10,2021-10-28,0.0,28.4
2021,2021-10,2021-10-29,10.2,26.5
2021,2021-10,2021-10-30,8.0,26.4
2021,2021-10,2021-10-31,7.0,26.8
2021,2021-11,2021-11-01,3.3,25.7
2021,2021-11,2021-11-02,23.3,24.6
2021,2021-11,2021-11-03,10.7,24.4
2021,2021-11,2021-11-04,5.4,24.3
2021,2021-11,2021-11-05,1.6,25.3
2021,2021-11,2021-11-06,0.0,25.7
2021,2021-11,2021-11-07,0.0,26.4
2021,2021-11,2021-11-08,0.0,25.3
2021,2021-11,2021-11-09,0.0,24.8
2021,2021-11,2021-11-10,0.1,25.6
2021,2021-11,2021-11-11,25.5,23.0
2021,2021-11,2021-11-12,27.0,24.5
2021,2021-11,2021-11-13,8.0,25.4
2021,2021-11,2021-11-14,15.7,25.5
2021,2021-11,2021-11-15,6.1,25.3
2021,2021-11,2021-11-16,5.4,25.2
2021,2021-11,2021-11-17,6.1,25.7
2021,2021-11,2021-11-18,16.6,25.1
2021,2021-11,2021-11-19,20.4,24.1
2021,2021-11,2021-11-20,7.9,24.8
2021,2021-11,2021-11-21,8.5,24.9
2021,2021-11,2021-11-22,1.4,26.1
2021,2021-11,2021-11-23,4.8,26.1
2021,2021-11,2021-11-24,1.2,25.9
2021,2021-11,2021-11-25,0.0,25.8
2021,2021-11,2021-11-26,0.0,24.9
2021,2021-11,2021-11-27,0.0,24.8
2021,2021-11,2021-11-28,17.2,24.6
2021,2021-11,2021-11-29,11.4,23.5
2021,2021-11,2021-11-30,0.4,24.7
2022,2022-06,2022-06-01,0.1,34.6
2022,2022-06,2022-06-02,0.0,35.0
2022,2022-06,2022-06-03,0.0,35.6
2022,2022-06,2022-06-04,0.0,36.3
2022,2022-06,2022-06-05,0.1,34.7
2022,2022-06,2022-06-06,0.0,33.7
2022,2022-06,2022-06-07,3.0,33.5
2022,2022-06,2022-06-08,0.0,35.2
2022,2022-06,2022-06-09,0.0,35.0
2022,2022-06,2022-06-10,0.0,34.8
2022,2022-06,2022-06-11,0.0,34.0
2022,2022-06,2022-06-12,2.6,32.8
2022,2022-06,2022-06-13,0.0,32.7
2022,2022-06,2022-06-14,2.1,33.3
2022,2022-06,2022-06-15,2.5,31.7
2022,2022-06,2022-06-16,17.2,30.4
2022,2022-06,2022-06-17,1.1,30.1
2022,2022-06,2022-06-18,1.2,30.6
2022,2022-06,2022-06-19,5.7,30.7
2022,2022-06,2022-06-20,12.0,30.8
2022,2022-06,2022-06-21,3.4,30.0
2022,2022-06,2022-06-22,0.0,30.0
2022,2022-06,2022-06-23,2.3,30.7
2022,2022-06,2022-06-24,0.1,31.4
2022,2022-06,2022-06-25,1.4,30.9
2022,2022-06,2022-06-26,2.8,29.2
2022,2022-06,2022-06-27,1.3,29.4
2022,2022-06,2022-06-28,13.2,28.4
2022,2022-06,2022-06-29,18.0,27.8
2022,2022-06,2022-06-30,9.2,29.8
2022,2022-07,2022-07-01,8.5,29.9
2022,2022-07,2022-07-02,9.6,30.1
2022,2022-07,2022-07-03,0.3,30.2
2022,2022-07,2022-07-04,10.1,28.5
2022,2022-07,2022-07-05,12.9,28.3
2022,2022-07,2022-07-06,5.1,27.4
2022,2022-07,2022-07-07,11.7,28.1
2022,2022-07,2022-07-08,37.1,25.7
2022,2022-07,2022-07-09,21.1,25.7
2022,2022-07,2022-07-10,25.2,25.8
2022,2022-07,2022-07-11,11.3,26.4
2022,2022-07,2022-07-12,16.2,25.9
2022,2022-07,2022-07-13,7.7,26.4
2022,2022-07,2022-07-14,0.4,27.9
2022,2022-07,2022-07-15,0.0,29.0
2022,2022-07,2022-07-16,0.4,29.6
2022,2022-07,2022-07-17,20.5,27.0
2022,2022-07,2022-07-18,6.7,27.3
2022,2022-07,2022-07-19,0.0,28.7
2022,2022-07,2022-07-20,0.9,29.1
2022,2022-07,2022-07-21,3.8,28.7
2022,2022-07,2022-07-22,1.8,27.3
2022,2022-07,2022-07-23,2.4,26.7
2022,2022-07,2022-07-24,0.2,27.9
2022,2022-07,2022-07-25,0.5,28.0
2022,2022-07,2022-07-26,15.5,26.5
2022,2022-07,2022-07-27,1.7,27.5
2022,2022-07,2022-07-28,1.0,28.3
2022,2022-07,2022-07-29,4.3,28.6
2022,2022-07,2022-07-30,3.2,28.7
2022,2022-07,2022-07-31,0.7,29.2
2022,2022-08,2022-08-01,3.6,28.9
2022,2022-08,2022-08-02,25.8,27.9
2022,2022-08,2022-08-03,12.5,27.8
2022,2022-08,2022-08-04,0.3,27.9
2022,2022-08,2022-08-05,17.2,26.8
2022,2022-08,2022-08-06,0.9,27.3
2022,2022-08,2022-08-07,20.5,27.1
2022,2022-08,2022-08-08,16.2,25.8
2022,2022-08,2022-08-09,12.3,26.2
2022,2022-08,2022-08-10,0.4,28.5
2022,2022-08,2022-08-11,0.2,28.8
2022,2022-08,2022-08-12,0.0,29.3
2022,2022-08,2022-08-13,0.0,29.1
2022,2022-08,2022-08-14,6.9,26.8
2022,2022-08,2022-08-15,11.4,27.5
2022,2022-08,2022-08-16,0.4,28.2
2022,2022-08,2022-08-17,0.2,29.0
2022,2022-08,2022-08-18,0.1,29.4
2022,2022-08,2022-08-19,2.0,28.7
2022,2022-08,2022-08-20,0.0,30.1
2022,2022-08,2022-08-21,0.2,29.9
2022,2022-08,2022-08-22,0.0,29.6
2022,2022-08,2022-08-23,0.0,29.9
2022,2022-08,2022-08-24,1.7,29.1
2022,2022-08,2022-08-25,9.0,28.5
2022,2022-08,2022-08-26,6.2,28.8
2022,2022-08,2022-08-27,5.8,29.6
2022,2022-08,2022-08-28,15.6,28.7
2022,2022-08,2022-08-29,9.8,27.6
2022,2022-08,2022-08-30,18.7,27.7
2022,2022-08,2022-08-31,1.1,27.7
2022,2022-09,2022-09-01,3.0,27.6
2022,2022-09,2022-09-02,2.4,27.7
2022,2022-09,2022-09-03,0.5,28.7
2022,2022-09,2022-09-04,0.0,29.3
2022,2022-09,2022-09-05,14.2,28.7
2022,2022-09,2022-09-06,7.9,28.3
2022,2022-09,2022-09-07,6.8,27.1
2022,2022-09,2022-09-08,31.3,25.6
2022,2022-09,2022-09-09,24.6,26.2
2022,2022-09,2022-09-10,13.9,26.5
2022,2022-09,2022-09-11,2.7,27.0
2022,2022-09,2022-09-12,0.3,28.4
2022,2022-09,2022-09-13,0.0,28.5
2022,2022-09,2022-09-14,0.4,28.5
2022,2022-09,2022-09-15,0.0,28.6
2022,2022-09,2022-09-16,0.1,29.1
2022,2022-09,2022-09-17,0.1,29.2
2022,2022-09,2022-09-18,0.0,29.4
2022,2022-09,2022-09-19,0.2,28.3
2022,2022-09,2022-09-20,0.1,27.8
2022,2022-09,2022-09-21,0.1,28.7
2022,2022-09,2022-09-22,3.2,28.5
2022,2022-09,2022-09-23,0.3,28.1
2022,2022-09,2022-09-24,0.1,28.2
2022,2022-09,2022-09-25,0.1,29.2
2022,2022-09,2022-09-26,9.7,28.1
2022,2022-09,2022-09-27,9.6,27.7
2022,2022-09,2022-09-28,21.5,27.1
2022,2022-09,2022-09-29,16.1,26.5
2022,2022-09,2022-09-30,16.3,26.4
2022,2022-10,2022-10-01,14.3,26.4
2022,2022-10,2022-10-02,0.3,28.5
2022,2022-10,2022-10-03,0.0,28.7
2022,2022-10,2022-10-04,1.0,28.3
2022,2022-10,2022-10-05,11.2,26.3
2022,2022-10,2022-10-06,16.2,25.1
2022,2022-10,2022-10-07,3.0,26.2
2022,2022-10,2022-10-08,9.3,25.7
2022,2022-10,2022-10-09,16.1,25.1
2022,2022-10,2022-10-10,2.0,25.7
2022,2022-10,2022-10-11,11.4,25.7
2022,2022-10,2022-10-12,4.0,26.2
2022,2022-10,2022-10-13,12.9,26.2
2022,2022-10,2022-10-14,19.6,26.1
2022,2022-10,2022-10-15,34.4,25.1
2022,2022-10,2022-10-16,5.0,25.4
2022,2022-10,2022-10-17,0.6,26.3
2022,2022-10,2022-10-18,2.9,26.8
2022,2022-10,2022-10-19,9.7,25.9
2022,2022-10,2022-10-20,3.9,25.8
2022,2022-10,2022-10-21,0.3,26.6
2022,2022-10,2022-10-22,0.0,25.4
2022,2022-10,2022-10-23,0.0,25.2
2022,2022-10,2022-10-24,0.0,25.1
2022,2022-10,2022-10-25,0.0,24.5
2022,2022-10,2022-10-26,0.0,25.1
2022,2022-10,2022-10-27,0.0,26.0
2022,2022-10,2022-10-28,0.0,25.6
2022,2022-10,2022-10-29,0.2,25.9
2022,2022-10,2022-10-30,0.0,24.5
2022,2022-10,2022-10-31,0.0,24.9
2022,2022-11,2022-11-01,12.2,23.9
2022,2022-11,2022-11-02,0.7,24.9
2022,2022-11,2022-11-03,4.8,25.6
2022,2022-11,2022-11-04,0.8,25.8
2022,2022-11,2022-11-05,1.7,26.1
2022,2022-11,2022-11-06,0.1,25.8
2022,2022-11,2022-11-07,0.0,25.1
2022,2022-11,2022-11-08,0.0,25.2
2022,2022-11,2022-11-09,0.0,25.5
2022,2022-11,2022-11-10,0.0,25.5
2022,2022-11,2022-11-11,0.0,26.1
2022,2022-11,2022-11-12,1.5,25.8
2022,2022-11,2022-11-13,0.0,26.2
2022,2022-11,2022-11-14,0.0,25.9
2022,2022-11,2022-11-15,0.0,25.2
2022,2022-11,2022-11-16,0.0,24.2
2022,2022-11,2022-11-17,0.0,23.2
2022,2022-11,2022-11-18,0.0,23.3
2022,2022-11,2022-11-19,0.0,23.2
2022,2022-11,2022-11-20,0.0,23.8
2022,2022-11,2022-11-21,3.0,22.9
2022,2022-11,2022-11-22,9.2,23.8
2022,2022-11,2022-11-23,2.1,25.4
2022,2022-11,2022-11-24,0.9,25.7
2022,2022-11,2022-11-25,1.9,25.8
2022,2022-11,2022-11-26,0.4,25.6
2022,2022-11,2022-11-27,0.0,25.3
2022,2022-11,2022-11-28,0.3,24.2
2022,2022-11,2022-11-29,0.0,23.2
2022,2022-11,2022-11-30,0.0,24.1
2023,2023-06,2023-06-01,0.1,33.5
2023,2023-06,2023-06-02,0.3,34.2
2023,2023-06,2023-06-03,0.0,34.4
2023,2023-06,2023-06-04,0.1,34.8
2023,2023-06,2023-06-05,0.0,34.9
2023,2023-06,2023-06-06,0.0,35.6
2023,2023-06,2023-06-07,1.1,34.4
2023,2023-06,2023-06-08,0.4,35.7
2023,2023-06,2023-06-09,0.0,36.4
2023,2023-06,2023-06-10,0.1,35.3
2023,2023-06,2023-06-11,0.1,35.1
2023,2023-06,2023-06-12,1.3,35.4
2023,2023-06,2023-06-13,0.0,36.1
2023,2023-06,2023-06-14,0.0,36.2
2023,2023-06,2023-06-15,0.0,36.2
2023,2023-06,2023-06-16,0.0,36.6
2023,2023-06,2023-06-17,0.0,36.8
2023,2023-06,2023-06-18,2.8,33.8
2023,2023-06,2023-06-19,1.0,33.5
2023,2023-06,2023-06-20,1.3,32.7
2023,2023-06,2023-06-21,11.2,30.6
2023,2023-06,2023-06-22,4.1,29.5
2023,2023-06,2023-06-23,7.2,29.9
2023,2023-06,2023-06-24,9.6,28.9
2023,2023-06,2023-06-25,0.3,30.7
2023,2023-06,2023-06-26,0.0,30.2
2023,2023-06,2023-06-27,0.0,31.8
2023,2023-06,2023-06-28,0.1,32.9
2023,2023-06,2023-06-29,0.5,32.7
2023,2023-06,2023-06-30,0.2,33.3
2023,2023-07,2023-07-01,2.1,34.1
2023,2023-07,2023-07-02,13.4,32.7
2023,2023-07,2023-07-03,10.2,30.8
2023,2023-07,2023-07-04,4.6,30.4
2023,2023-07,2023-07-05,7.9,29.6
2023,2023-07,2023-07-06,2.7,28.9
2023,2023-07,2023-07-07,0.6,30.2
2023,2023-07,2023-07-08,0.3,31.3
2023,2023-07,2023-07-09,3.7,31.8
2023,2023-07,2023-07-10,17.8,29.6
2023,2023-07,2023-07-11,0.0,30.7
2023,2023-07,2023-07-12,0.9,29.1
2023,2023-07,2023-07-13,3.3,29.7
2023,2023-07,2023-07-14,4.0,30.6
2023,2023-07,2023-07-15,4.2,30.8
2023,2023-07,2023-07-16,1.9,29.7
2023,2023-07,2023-07-17,0.2,30.6
2023,2023-07,2023-07-18,18.5,26.9
2023,2023-07,2023-07-19,16.9,26.5
2023,2023-07,2023-07-20,15.1,26.9
2023,2023-07,2023-07-21,5.3,27.4
2023,2023-07,2023-07-22,6.9,27.8
2023,2023-07,2023-07-23,10.2,27.2
2023,2023-07,2023-07-24,17.4,26.6
2023,2023-07,2023-07-25,47.6,26.0
2023,2023-07,2023-07-26,43.3,25.7
2023,2023-07,2023-07-27,26.9,27.2
2023,2023-07,2023-07-28,0.7,29.2
2023,2023-07,2023-07-29,0.0,29.9
2023,2023-07,2023-07-30,2.1,29.8
2023,2023-07,2023-07-31,0.9,29.6
2023,2023-08,2023-08-01,1.5,30.0
2023,2023-08,2023-08-02,0.0,30.4
2023,2023-08,2023-08-03,0.4,30.3
2023,2023-08,2023-08-04,1.2,30.3
2023,2023-08,2023-08-05,0.1,30.9
2023,2023-08,2023-08-06,0.3,31.2
2023,2023-08,2023-08-07,0.2,31.0
2023,2023-08,2023-08-08,0.1,31.1
2023,2023-08,2023-08-09,0.2,31.3
2023,2023-08,2023-08-10,6.1,29.2
2023,2023-08,2023-08-11,0.0,30.7
2023,2023-08,2023-08-12,1.6,29.8
2023,2023-08,2023-08-13,0.1,30.8
2023,2023-08,2023-08-14,1.0,30.1
2023,2023-08,2023-08-15,1.1,30.0
2023,2023-08,2023-08-16,4.5,30.1
2023,2023-08,2023-08-17,8.3,29.5
2023,2023-08,2023-08-18,1.5,29.0
2023,2023-08,2023-08-19,4.0,28.9
2023,2023-08,2023-08-20,1.1,30.5
2023,2023-08,2023-08-21,0.8,30.2
2023,2023-08,2023-08-22,3.6,29.9
2023,2023-08,2023-08-23,0.6,31.1
2023,2023-08,2023-08-24,0.0,31.1
2023,2023-08,2023-08-25,0.3,31.5
2023,2023-08,2023-08-26,1.0,30.5
2023,2023-08,2023-08-27,2.2,30.9
2023,2023-08,2023-08-28,0.0,31.9
2023,2023-08,2023-08-29,0.0,32.0
2023,2023-08,2023-08-30,0.6,32.0
2023,2023-08,2023-08-31,0.0,32.3
2023,2023-09,2023-09-01,0.1,32.5
2023,2023-09,2023-09-02,4.3,30.7
2023,2023-09,2023-09-03,7.4,29.0
2023,2023-09,2023-09-04,31.0,27.0
2023,2023-09,2023-09-05,5.4,27.4
2023,2023-09,2023-09-06,9.2,28.8
2023,2023-09,2023-09-07,0.0,30.2
2023,2023-09,2023-09-08,0.2,29.6
2023,2023-09,2023-09-09,2.9,30.1
2023,2023-09,2023-09-10,8.6,29.5
2023,2023-09,2023-09-11,7.8,28.3
2023,2023-09,2023-09-12,3.4,29.0
2023,2023-09,2023-09-13,0.1,29.6
2023,2023-09,2023-09-14,1.9,28.4
2023,2023-09,2023-09-15,0.1,30.3
2023,2023-09,2023-09-16,0.0,30.7
2023,2023-09,2023-09-17,0.0,31.0
2023,2023-09,2023-09-18,0.2,31.5
2023,2023-09,2023-09-19,4.2,31.1
2023,2023-09,2023-09-20,4.8,30.4
2023,2023-09,2023-09-21,1.4,30.0
2023,2023-09,2023-09-22,3.4,28.8
2023,2023-09,2023-09-23,15.8,29.5
2023,2023-09,2023-09-24,15.1,29.2
2023,2023-09,2023-09-25,5.7,28.8
2023,2023-09,2023-09-26,1.1,29.5
2023,2023-09,2023-09-27,4.7,29.0
2023,2023-09,2023-09-28,8.5,29.1
2023,2023-09,2023-09-29,19.3,28.7
2023,2023-09,2023-09-30,3.7,28.9
2023,2023-10,2023-10-01,0.9,29.5
2023,2023-10,2023-10-02,12.9,28.9
2023,2023-10,2023-10-03,1.1,30.0
2023,2023-10,2023-10-04,6.5,30.1
2023,2023-10,2023-10-05,0.0,30.0
2023,2023-10,2023-10-06,0.0,29.4
2023,2023-10,2023-10-07,0.0,29.5
2023,2023-10,2023-10-08,0.0,30.1
2023,2023-10,2023-10-09,0.0,30.3
2023,2023-10,2023-10-10,0.1,30.3
2023,2023-10,2023-10-11,0.1,29.9
2023,2023-10,2023-10-12,0.4,29.7
2023,2023-10,2023-10-13,0.0,29.6
2023,2023-10,2023-10-14,0.9,29.9
2023,2023-10,2023-10-15,0.4,30.2
2023,2023-10,2023-10-16,15.4,29.1
2023,2023-10,2023-10-17,1.4,29.1
2023,2023-10,2023-10-18,0.1,30.0
2023,2023-10,2023-10-19,1.7,29.6
2023,2023-10,2023-10-20,1.0,29.5
2023,2023-10,2023-10-21,0.2,29.7
2023,2023-10,2023-10-22,0.0,30.1
2023,2023-10,2023-10-23,0.0,29.1
2023,2023-10,2023-10-24,0.0,28.8
2023,2023-10,2023-10-25,0.0,28.9
2023,2023-10,2023-10-26,0.0,28.7
2023,2023-10,2023-10-27,0.0,28.3
2023,2023-10,2023-10-28,2.5,27.5
2023,2023-10,2023-10-29,1.2,27.4
2023,2023-10,2023-10-30,0.4,27.2
2023,2023-10,2023-10-31,0.1,28.2
2023,2023-11,2023-11-01,0.0,28.3
2023,2023-11,2023-11-02,4.3,26.8
2023,2023-11,2023-11-03,8.8,26.7
2023,2023-11,2023-11-04,4.3,26.3
2023,2023-11,2023-11-05,3.3,26.5
2023,2023-11,2023-11-06,16.6,25.4
2023,2023-11,2023-11-07,8.0,25.9
2023,2023-11,2023-11-08,38.5,25.7
2023,2023-11,2023-11-09,0.6,26.5
2023,2023-11,2023-11-10,0.0,26.4
2023,2023-11,2023-11-11,0.0,26.2
2023,2023-11,2023-11-12,0.0,26.7
2023,2023-11,2023-11-13,0.0,26.8
2023,2023-11,2023-11-14,0.0,26.6
2023,2023-11,2023-11-15,0.0,25.8
2023,2023-11,2023-11-16,0.0,26.8
2023,2023-11,2023-11-17,0.0,26.9
2023,2023-11,2023-11-18,0.0,27.2
2023,2023-11,2023-11-19,0.1,27.2
2023,2023-11,2023-11-20,0.0,27.2
2023,2023-11,2023-11-21,9.1,25.4
2023,2023-11,2023-11-22,7.9,25.0
2023,2023-11,2023-11-23,4.7,24.9
2023,2023-11,2023-11-24,3.4,25.3
2023,2023-11,2023-11-25,0.1,26.2
2023,2023-11,2023-11-26,0.1,26.6
2023,2023-11,2023-11-27,0.0,26.3
2023,2023-11,2023-11-28,0.1,26.4
2023,2023-11,2023-11-29,0.2,25.7
2023,2023-11,2023-11-30,0.2,26.0
